Id,Predicted SalePrice
1461,135233.34188079103
1462,151705.38528429563
1463,172356.27791832146
1464,183480.2548850904
1465,199131.90171098462
1466,180509.35225754065
1467,165035.33932725413
1468,172634.07223754964
1469,184659.76260315246
1470,110447.18655316373
1471,193486.64122250475
1472,89474.44565145385
1473,106929.31009692642
1474,151200.80649094222
1475,140342.43380009237
1476,416293.38121201587
1477,258963.37493092872
1478,303925.8244880268
1479,232813.04250863256
1480,447899.19927979005
1481,357545.0959242545
1482,212079.58154819734
1483,178967.8569356095
1484,179159.64959220975
1485,175987.18109883778
1486,196975.312679642
1487,390067.8926052042
1488,243197.8576616142
1489,223273.33485573565
1490,210098.65817884807
1491,194155.05282162115
1492,95463.62602124417
1493,167696.46135580668
1494,308494.2345086464
1495,289589.2399417822
1496,229497.99663480624
1497,182294.11362770956
1498,155959.2316742194
1499,159761.05058577665
1500,162263.3399743325
1501,171727.4236318804
1502,164667.9638675785
1503,326897.5306123138
1504,224805.00661791142
1505,230582.11571305315
1506,187022.34631751376
1507,229925.78077062545
1508,209256.29064133888
1509,157226.04049836408
1510,151585.73093706637
1511,153467.4139298168
1512,169309.61250411937
1513,170090.75633144917
1514,150816.78784547732
1515,180984.85277671425
1516,170613.35724691255
1517,156925.63665048694
1518,128147.12142501696
1519,223870.8839010232
1520,137029.39267474858
1521,149408.65559719875
1522,165845.16165015008
1523,112750.42820809834
1524,132936.59755429288
1525,130016.36563205814
1526,122304.78123151542
1527,110516.28650086821
1528,129443.07483672095
1529,132974.12376362874
1530,175419.65143686588
1531,137047.74257562924
1532,96336.6229142138
1533,146850.51766377562
1534,112643.3274547422
1535,162723.44414782748
1536,117679.50053562546
1537,91294.94794100751
1538,180669.8154002511
1539,239101.7394600547
1540,95856.89852813852
1541,148078.7818780306
1542,131474.12459980068
1543,221566.20141348263
1544,72570.55056761544
1545,107176.6370504006
1546,127575.52626037462
1547,145829.35486755136
1548,134162.857242009
1549,124887.18730508222
1550,137039.1980081382
1551,122571.90293802676
1552,144021.96383392403
1553,148306.88509197367
1554,109188.14955149438
1555,162259.03717825297
1556,100576.23931791539
1557,118286.33917825205
1558,87717.32268498826
1559,113863.2504797594
1560,145573.32196572152
1561,157986.58166330805
1562,121012.37410014083
1563,115969.70034743047
1564,158390.2569855783
1565,161701.49858794527
1566,170552.00703855854
1567,82652.46885871407
1568,228158.14243294296
1569,143227.2410287798
1570,124459.92240268753
1571,130627.80847238233
1572,139855.42078088454
1573,230438.09757085252
1574,122369.30931474028
1575,213541.36239360328
1576,213861.94891927423
1577,204380.76979481566
1578,153426.89955001275
1579,147220.0344230591
1580,191645.7309363228
1581,150737.47731802438
1582,131240.04292356665
1583,365821.45198709524
1584,234017.21053724692
1585,140155.2444197901
1586,76262.2210107844
1587,103957.87051174864
1588,160868.5924383212
1589,93683.18890927848
1590,132479.59146901735
1591,95788.01800482716
1592,121425.87634332955
1593,125285.17382743955
1594,145936.88779592744
1595,114412.53054575618
1596,227837.22437201208
1597,159830.50891888575
1598,192454.12619240955
1599,194399.5440582865
1600,186410.24139504283
1601,89673.56495695392
1602,113500.94255342883
1603,107147.90632007566
1604,279754.9934028038
1605,246647.0233886606
1606,161860.28884409176
1607,188430.66468604442
1608,208508.50150933614
1609,202359.14177403078
1610,156321.6528120037
1611,146716.17607583015
1612,147686.328719322
1613,174769.11526265947
1614,111614.80457464319
1615,94902.40575071237
1616,87992.02528064924
1617,91218.1346310557
1618,125932.97430510951
1619,143447.40198460873
1620,167651.6323681633
1621,135398.15182160158
1622,158071.1253525404
1623,302923.3369502925
1624,221066.07903179099
1625,136907.08146304134
1626,180541.8226962675
1627,187780.65841879862
1628,281926.1155105464
1629,177988.50363787808
1630,339280.4935781883
1631,240240.30027398668
1632,233613.0478358767
1633,166165.9175955402
1634,183851.20411903123
1635,183681.49965434588
1636,156905.586398983
1637,178038.5880117695
1638,215049.62025673068
1639,178618.43332528486
1640,240631.52471862617
1641,188593.73344822298
1642,210526.8391112387
1643,216585.55622872454
1644,228482.59224918598
1645,179121.53823554597
1646,157940.52924194842
1647,167320.53782452605
1648,132624.342996148
1649,136590.4048669881
1650,116409.55517148692
1651,117325.01035428885
1652,89640.6213262563
1653,95497.2424889739
1654,155480.2496771293
1655,159910.10109017408
1656,148711.93101079302
1657,154903.7809656253
1658,149421.3165806056
1659,154993.64682880262
1660,158905.56196349833
1661,412567.99758380087
1662,421542.5979397279
1663,375931.06594642875
1664,418446.79718958196
1665,313767.00709616364
1666,318381.5202516357
1667,396074.8389169372
1668,328915.49179055373
1669,291427.43841117335
1670,343929.4435680895
1671,246776.233415119
1672,417816.6668048408
1673,301932.5179584993
1674,246397.6934659533
1675,183202.90902905908
1676,182003.25874963423
1677,210327.18551427242
1678,401544.2369488734
1679,395890.6667574753
1680,341088.8759033238
1681,271219.714547828
1682,292635.6452904759
1683,169828.57921008754
1684,171869.28076553918
1685,173922.89778609513
1686,167620.90189574327
1687,164420.74938323325
1688,185721.18749694456
1689,189335.8778476473
1690,186860.18707957727
1691,178665.69058046734
1692,277777.4033888885
1693,166444.93102367854
1694,186137.05262493886
1695,172900.47768587712
1696,271291.7902520045
1697,173664.85560483363
1698,355072.5070604892
1699,361789.8985362919
1700,234473.33570986617
1701,256876.01874022544
1702,259474.5047968987
1703,252006.92946548676
1704,304850.91994590143
1705,235837.61486907906
1706,416831.2911135273
1707,224142.593350369
1708,209601.08486676976
1709,296720.28388772655
1710,223108.56164954335
1711,269953.86867452355
1712,247243.9893037126
1713,249818.8972928227
1714,216742.9453662154
1715,198908.07464582296
1716,160930.42689694857
1717,153770.69240147746
1718,122523.79995101453
1719,205783.51419357516
1720,264171.08548558276
1721,155402.5283261271
1722,116716.52780399926
1723,156560.07903575164
1724,211453.54071530505
1725,235868.84711160677
1726,188218.11627389095
1727,170293.6741084247
1728,191840.9243578786
1729,160341.29060329014
1730,168791.51800458113
1731,125564.2120863453
1732,146269.1221508209
1733,122905.68447224225
1734,138292.0934411283
1735,131020.84491446755
1736,120895.38390807122
1737,363015.92706950865
1738,225875.15524172643
1739,245732.13558180336
1740,177852.338492856
1741,187856.92089911582
1742,172293.80696521373
1743,164927.40270022297
1744,315718.1099091237
1745,210604.4579545197
1746,314232.6741881862
1747,215845.43360228394
1748,237859.05609812203
1749,163047.79821249007
1750,142207.53263214344
1751,234268.4385550771
1752,123904.25848528933
1753,132229.6787183412
1754,204228.39406493478
1755,164438.9984573303
1756,128804.40261007356
1757,118452.22778821942
1758,154452.7273851574
1759,159172.72088918104
1760,162484.39093835975
1761,148414.41085764932
1762,178765.839228038
1763,168065.1148523611
1764,117819.2097837492
1765,183003.23391673775
1766,188672.1459636693
1767,216579.53021329167
1768,135953.33246015993
1769,170512.43588387035
1770,139642.3325643849
1771,138343.4500112635
1772,127174.7558643819
1773,148158.50258689508
1774,124257.95395447737
1775,133707.9994037664
1776,129708.56771472015
1777,113149.51590672434
1778,130869.36704299533
1779,114428.76000073306
1780,178254.22840985566
1781,138712.7517915568
1782,92651.29471034964
1783,130873.96265053003
1784,100381.18273033167
1785,125135.17884012075
1786,165817.53491355455
1787,167967.16036212267
1788,53134.490589467365
1789,101927.13153478892
1790,87470.99726599541
1791,188793.43685469244
1792,156427.39212048412
1793,126496.57374179848
1794,142766.40408919894
1795,128617.00046916811
1796,119413.50238005207
1797,100989.58230688707
1798,125135.245483672
1799,112122.04432770818
1800,120836.23020669335
1801,129168.3634220411
1802,162118.62193352112
1803,158448.59463508986
1804,144034.34578679843
1805,135714.84432886922
1806,112857.958779909
1807,144852.65865659338
1808,128564.43765336311
1809,125491.23733264992
1810,146601.2040735094
1811,97042.95130709343
1812,95484.00993207167
1813,117471.30729921877
1814,108629.956754827
1815,68045.092521965
1816,108899.71368833746
1817,116587.0884199553
1818,143922.08972052383
1819,111693.5318749079
1820,83765.32209264074
1821,127059.27541634341
1822,155388.65514946045
1823,75439.13869250887
1824,130259.74552129903
1825,135993.09470289442
1826,108791.27537464917
1827,111531.4949083882
1828,136558.2317111821
1829,118540.16900854709
1830,168302.34882625725
1831,176804.61423517845
1832,93811.1947667768
1833,149602.9186326289
1834,125064.35817578569
1835,169294.40553793416
1836,145205.9262154894
1837,91136.74363212801
1838,137380.17827572694
1839,96776.40713462366
1840,169486.41001350433
1841,138461.18507671938
1842,86290.56614233792
1843,145387.78708245614
1844,140920.38274588351
1845,142334.94569869255
1846,150477.32249080704
1847,151960.7830033809
1848,52145.82638276989
1849,118536.3950915088
1850,127782.54345989616
1851,160453.7829013497
1852,126361.05818889123
1853,135822.80084443375
1854,176350.22942018486
1855,143109.59619190788
1856,235109.88465496697
1857,160072.59030313249
1858,135321.3789471253
1859,123023.97470744343
1860,152376.81579393332
1861,123085.54137411008
1862,262623.84954975126
1863,258237.8019012286
1864,258237.8019012286
1865,318676.05981917604
1866,351184.182632416
1867,249659.0407967644
1868,316241.9989135329
1869,195480.08406611977
1870,269911.418004697
1871,251489.67730669948
1872,171545.12722046007
1873,233740.39183801718
1874,135156.15223416043
1875,195806.47042334286
1876,186992.513415097
1877,208930.21496342405
1878,207598.11816272946
1879,141052.36321189976
1880,137360.87841723353
1881,231235.4984087056
1882,246179.18947932357
1883,190737.40515572843
1884,222968.18689605015
1885,271381.00956923096
1886,312232.4960842342
1887,205469.24507032978
1888,293789.16816991667
1889,161526.7085817435
1890,138013.4802005184
1891,142398.9074079224
1892,108589.81386048147
1893,143602.83040651146
1894,129788.9009141897
1895,146373.8845573212
1896,117440.50398928202
1897,112817.56230924484
1898,111326.35876237818
1899,124231.62977374834
1900,159574.40535177002
1901,165116.93278157825
1902,121708.97522907164
1903,209074.36848807416
1904,138608.02006495735
1905,182877.63945484147
1906,165727.4731746173
1907,203359.64522924076
1908,115507.45844968215
1909,132717.52337515808
1910,123988.8566373828
1911,188269.3020668672
1912,251501.90277093594
1913,122097.36266148016
1914,65544.34237542009
1915,346332.7819196487
1916,83029.58671633666
1917,272813.2542609135
1918,136238.78978862232
1919,159968.20733982188
1920,139217.11858588454
1921,371911.306126106
1922,335076.69552861276
1923,230153.3637606861
1924,227955.47282898353
1925,209104.85338517945
1926,385242.14943697647
1927,146851.09440107192
1928,161952.60841327652
1929,126745.14319340425
1930,124059.91806886268
1931,140336.90150107708
1932,135060.55073544334
1933,197399.78909686892
1934,184207.19574640723
1935,177683.62237567888
1936,188438.51447998927
1937,178586.3433406405
1938,169407.58405338877
1939,232736.95582721746
1940,199724.44229905563
1941,174125.88918912105
1942,185848.141323111
1943,210922.49086532684
1944,315205.1076391107
1945,375521.4178668014
1946,145162.47363861467
1947,321052.2922043942
1948,179246.46770101725
1949,223639.70351268782
1950,187399.25816365905
1951,264596.2482203262
1952,241447.94397835722
1953,165760.80652806791
1954,204995.95949149356
1955,126509.12493829761
1956,260545.2168179051
1957,166809.97375556282
1958,312695.822918296
1959,139115.77342340702
1960,118180.63147250493
1961,123954.47216599225
1962,93278.36213891949
1963,113105.91866291354
1964,108120.3296188778
1965,147857.01773401874
1966,150226.5275433317
1967,300116.76352870575
1968,424077.0249627943
1969,360217.22740476887
1970,404732.0553155762
1971,418630.94516782026
1972,344779.2753357377
1973,278293.0295196167
1974,322372.4239087363
1975,458204.4346031141
1976,267622.3319899671
1977,387688.5676148325
1978,390643.790195148
1979,348198.3648980282
1980,193420.62233397248
1981,336913.2939235069
1982,226164.22205254363
1983,217522.91081205627
1984,163613.2682120015
1985,207230.9726997082
1986,196295.09680895577
1987,193037.01807482773
1988,177750.20076179793
1989,183567.01267964198
1990,205568.011660464
1991,224320.85422029276
1992,218298.1299929913
1993,171938.98639580552
1994,231429.00312892723
1995,187890.16207583118
1996,251480.922659049
1997,333438.70988159283
1998,333246.853937805
1999,247892.06752086568
2000,302394.77118809894
2001,247106.53071169808
2002,232649.54207899384
2003,249161.4207753302
2004,264678.9541124941
2005,234433.19608737886
2006,233018.84325796936
2007,239821.40388321923
2008,228639.27967103652
2009,194308.85239898262
2010,196478.71898750882
2011,127159.9105928418
2012,178685.4395269984
2013,184228.09008439138
2014,188964.52556619621
2015,200473.0267561595
2016,189101.0287402241
2017,198542.7205325613
2018,124894.93554394529
2019,126730.71896760499
2020,109249.49506876245
2021,118498.97353143962
2022,174235.19938581184
2023,134235.02504913157
2024,222788.11545122418
2025,359331.2164339381
2026,177128.63906667972
2027,159543.15664099916
2028,151814.76217855138
2029,155836.28251211866
2030,280996.6782125942
2031,269633.1218257208
2032,281036.8457761065
2033,292053.54727626994
2034,162092.20722076125
2035,209370.86498468334
2036,210644.93269625658
2037,215374.06497445932
2038,320784.8772336294
2039,214473.44784707818
2040,379936.7733995335
2041,257042.3211371166
2042,217402.15029042037
2043,168734.1275400176
2044,156345.45294335147
2045,241051.93778347902
2046,130198.8484008037
2047,159792.74223696996
2048,135260.329959224
2049,138189.97590037002
2050,180195.4555354937
2051,106144.5120263523
2052,138163.75558611762
2053,142898.32886389593
2054,87827.92440587131
2055,140993.1476863896
2056,128689.634679633
2057,126773.29580778332
2058,201486.34624083477
2059,114487.22221605375
2060,146053.4196551581
2061,166754.5294803507
2062,136846.33854485597
2063,118297.61637853488
2064,143963.29364039385
2065,117774.3110103981
2066,179015.2361172609
2067,122793.98707594426
2068,142033.14548956507
2069,90812.94453797814
2070,114068.972565519
2071,110240.1529340514
2072,135855.5262959376
2073,137314.55395028938
2074,176678.57429515934
2075,135369.9197662136
2076,126655.322341126
2077,155142.3338098922
2078,130809.00097523122
2079,134040.3575430252
2080,112384.9981498705
2081,115505.18035152061
2082,116557.50837145904
2083,135618.0771059186
2084,113845.57505785697
2085,125806.38709797307
2086,123526.08231838525
2087,114229.10402893962
2088,104146.95905737807
2089,95514.2414741047
2090,128670.07818548656
2091,127354.77849762233
2092,131207.80729465114
2093,129450.24884354923
2094,135661.80731844224
2095,163749.69309148073
2096,90090.43904311694
2097,103971.26577583053
2098,138352.5751616774
2099,71640.6809335352
2100,104466.61833968015
2101,108021.98692260943
2102,146496.55528258233
2103,110455.94395961238
2104,150430.4598233685
2105,131946.45372734487
2106,88747.87444740227
2107,287681.075919734
2108,115968.45095202148
2109,117525.5016738795
2110,124915.63341030721
2111,154709.7048368949
2112,142381.3440404453
2113,113686.99276143021
2114,106708.81666773942
2115,140204.72093258813
2116,116060.82343948913
2117,157798.3405847392
2118,111542.03133105712
2119,106784.16757411907
2120,110074.94115858104
2121,95765.8403182664
2122,115537.1345682696
2123,96116.61356476125
2124,171566.1386236277
2125,132603.04044815645
2126,174059.6902870211
2127,149110.69340989107
2128,176564.965115921
2129,111481.30197575659
2130,152047.2896431102
2131,160834.38264594937
2132,113387.00033813616
2133,118889.12876679213
2134,123625.59575427278
2135,116414.75834834912
2136,83553.71666737538
2137,113632.19979374479
2138,136205.256979994
2139,151088.30159357423
2140,142955.3763073195
2141,144898.06995791083
2142,142349.42934700192
2143,140945.47167237021
2144,132108.12170688098
2145,137588.84274124287
2146,149236.8289638815
2147,150887.12468181647
2148,128164.11197779099
2149,137054.43543746907
2150,243038.71350781518
2151,130801.34019222204
2152,206986.31250804718
2153,152827.9431209978
2154,91002.3384832767
2155,129267.68699695014
2156,230567.2769619715
2157,239840.65509548562
2158,233236.97750009564
2159,211172.05313720487
2160,176938.5431772942
2161,256412.9317525949
2162,477752.71226767375
2163,356378.07730655774
2164,258028.056601106
2165,183758.91033566976
2166,149112.37669422082
2167,211838.32599894726
2168,215296.57142387572
2169,200071.75284386115
2170,216397.3078975495
2171,133356.9616297107
2172,141795.12111642255
2173,142984.87431825334
2174,234508.04698273455
2175,312259.6635047638
2176,321495.38559426996
2177,256065.73056613372
2178,223740.83699552482
2179,141285.71313129403
2180,196242.4172694611
2181,189472.83252090294
2182,219427.07602743935
2183,189767.95229819152
2184,139778.89431758295
2185,136792.20098454392
2186,146989.5454060596
2187,150682.32416396306
2188,154507.6189819768
2189,198587.97656150186
2190,82471.3489969201
2191,82567.36509189486
2192,85138.61843568308
2193,122305.46281548151
2194,110333.74879851681
2195,115804.42756089444
2196,114687.17724441587
2197,110647.6414853434
2198,153862.6509212861
2199,176543.7731569189
2200,130505.38077756246
2201,125972.39483272017
2202,215989.0707562072
2203,163712.19952580755
2204,173083.06502177773
2205,112470.24699803977
2206,139651.21719239003
2207,227796.98799137713
2208,252182.6703719101
2209,184169.47382440334
2210,127491.13035038345
2211,118777.6517047279
2212,109774.80097137461
2213,103369.54422619213
2214,151123.12580099952
2215,109053.7959632476
2216,147763.91191428443
2217,85475.01444791084
2218,96401.3580763195
2219,84967.8745221523
2220,92621.35635605513
2221,346615.10858631536
2222,231952.47267022918
2223,284615.6502144177
2224,216386.00051780525
2225,143394.28296685513
2226,170646.22125818825
2227,191017.83238355163
2228,295914.1930701968
2229,224809.3781258571
2230,156291.91281200372
2231,224520.54092410425
2232,179802.36729035797
2233,180976.61232160343
2234,260588.14795186426
2235,197825.18634547782
2236,288611.891962638
2237,336624.102357099
2238,204598.2092750999
2239,108473.71200400422
2240,166916.50807623472
2241,158372.69209244856
2242,138416.1068786923
2243,132071.93177595138
2244,99782.06732447904
2245,106598.47704401107
2246,150439.55485002662
2247,108209.1485750901
2248,126937.35405951522
2249,127810.1771237373
2250,137403.0219294695
2251,122734.54155994226
2252,188667.4121647276
2253,166206.22563093505
2254,175746.0962055152
2255,192635.02984457978
2256,186146.19552237735
2257,192058.30622748254
2258,170638.59082079117
2259,176699.3004509003
2260,156353.9192296633
2261,219603.2968195096
2262,220502.76436385117
2263,333506.2462758994
2264,439297.5219038059
2265,177447.78609181763
2266,299551.70434091083
2267,381564.8777449331
2268,393416.03799823
2269,158988.31145689206
2270,186562.31720293887
2271,248285.57303010378
2272,201274.93797295904
2273,157813.8283613084
2274,170199.8921354185
2275,153634.32166348645
2276,178193.09674022548
2277,193657.54796034785
2278,154269.65222938298
2279,120400.32198026148
2280,119176.81469998065
2281,172610.15673188004
2282,180706.8483395389
2283,95742.48316447051
2284,108819.48178689863
2285,152544.42539164546
2286,126841.98353545454
2287,358914.0110863671
2288,268959.93827289535
2289,396785.90965653694
2290,425666.19191700657
2291,330289.6223330756
2292,401672.7551542555
2293,446922.6906697438
2294,401437.9194570298
2295,429566.96726965014
2296,328123.8982998538
2297,322156.0915882038
2298,325312.4052286598
2299,386543.26065676723
2300,326573.2874846519
2301,281075.2594956022
2302,231279.54342064922
2303,231587.0432778167
2304,249009.713884716
2305,177991.46124572866
2306,178728.42629251338
2307,184296.1911460061
2308,214942.13001141427
2309,273824.2062221069
2310,220422.13488012017
2311,184880.1057800755
2312,172618.36780756223
2313,175061.63956521463
2314,181933.15802157068
2315,175541.06525326302
2316,190890.8377072528
2317,180894.21538570744
2318,168940.42679967175
2319,179809.38830645056
2320,194128.46363220387
2321,254979.3232029693
2322,168342.83479666334
2323,183012.11642412446
2324,174027.73209824614
2325,209183.75764306574
2326,165403.4190785857
2327,203900.06748493874
2328,207007.55364114474
2329,179190.38720702394
2330,174380.0140856707
2331,386400.1245486345
2332,394418.689703007
2333,304955.9176490232
2334,249273.92602528806
2335,267581.7079650553
2336,313827.6845265845
2337,202657.42992327106
2338,295991.0777520859
2339,219266.23433595974
2340,387649.950941037
2341,217693.51943945707
2342,227773.6728394696
2343,221359.1866406773
2344,227323.17848921227
2345,245375.76627128103
2346,228315.54209790216
2347,190390.39422773247
2348,229825.40393314508
2349,146974.26305739884
2350,280817.79972623807
2351,260122.16500249098
2352,232759.57260524403
2353,217198.4973603862
2354,117168.38068816799
2355,150154.4396116277
2356,155360.1731636241
2357,195718.42179920254
2358,192856.87051332262
2359,125142.99958702318
2360,114899.53070353728
2361,140069.3414173758
2362,251285.02537721163
2363,134910.52114367127
2364,156146.54594695065
2365,222363.54876320402
2366,197888.06393973247
2367,220029.98995876045
2368,193441.89394797073
2369,219096.6071683007
2370,156989.9016778137
2371,156514.85983041814
2372,160095.89245058372
2373,280161.1725003272
2374,300836.362908942
2375,234351.76624681792
2376,276379.9057066871
2377,388325.46097745554
2378,124117.07485319192
2379,202412.44152752854
2380,140728.8048770907
2381,161331.42545116317
2382,184065.65123009475
2383,207535.9256238615
2384,233667.99759873786
2385,154303.14685870818
2386,137385.2081495475
2387,131876.2133348583
2388,95435.61411413364
2389,128469.5173264736
2390,143626.0522880527
2391,135929.56011277417
2392,113091.30061865466
2393,160116.7871626587
2394,139702.17600017437
2395,225606.92452850204
2396,143530.2141196952
2397,206673.74969721775
2398,139664.86865737344
2399,50187.13251047083
2400,51041.83920772492
2401,111088.5250674995
2402,133260.0831552028
2403,131928.64510665907
2404,143614.07700958534
2405,160313.79917611755
2406,131396.6391992697
2407,129554.10085675395
2408,137064.73953342202
2409,136717.9410525335
2410,179332.57053373416
2411,129218.62260159447
2412,159234.4389513838
2413,136469.96752810513
2414,139170.47294306642
2415,132525.8447737783
2416,134803.97811831316
2417,132072.81646360763
2418,119591.52919946333
2419,124306.46683556227
2420,120698.7320061414
2421,157364.8178946237
2422,137143.41152401114
2423,135040.62190652374
2424,161193.70713382078
2425,195928.46587532255
2426,127212.15734780423
2427,139709.98600420132
2428,171720.07079091907
2429,115967.42789242143
2430,126006.9661187493
2431,125909.46083758102
2432,140919.75802176597
2433,145906.6578333833
2434,142554.99725332463
2435,151314.31074430104
2436,111832.2170457616
2437,103996.087407298
2438,113987.4128971441
2439,117530.57527542296
2440,129726.95688086294
2441,104841.41567995069
2442,107377.20062230388
2443,114994.6159505945
2444,134105.88651187628
2445,89914.51334807866
2446,129073.62722230592
2447,210221.97099414092
2448,183334.45693613464
2449,110264.32886960723
2450,165251.01618048994
2451,121571.80158928556
2452,208921.35659761567
2453,110434.84361912492
2454,127801.27800669729
2455,107599.30112512263
2456,127103.6555525433
2457,121979.64742983009
2458,113868.55012620873
2459,106343.88512961497
2460,132348.18560339595
2461,110907.41938776324
2462,135463.6301771774
2463,126865.15924937295
2464,163341.7993196535
2465,121729.93147341016
2466,110379.3545896322
2467,159564.99637575686
2468,94599.75935217261
2469,69080.90066755774
2470,191272.2348739826
2471,188379.5953776037
2472,171128.35992888923
2473,117932.93663633894
2474,103420.46369933471
2475,214217.762331728
2476,100968.59231200117
2477,135520.28609067237
2478,158863.91793582312
2479,106877.03670962121
2480,141944.82458408637
2481,110037.2397457378
2482,133249.6814850462
2483,117320.4772289471
2484,125248.99406914902
2485,118723.09253317509
2486,160241.8542335195
2487,166952.935170822
2488,149784.71749174022
2489,133180.43438416292
2490,149728.09901907542
2491,93089.94655250611
2492,183581.37488092433
2493,138504.31768407914
2494,150439.1103781259
2495,94492.7166414818
2496,238328.0107628612
2497,158067.98824390807
2498,114190.4484362208
2499,93380.9949598667
2500,127610.70487232594
2501,139860.094533363
2502,155585.0027142076
2503,90346.9026421485
2504,193918.2929840885
2505,204139.24715291068
2506,251170.27150636926
2507,349113.4901777722
2508,252218.96978349317
2509,217112.11999923913
2510,227826.16146510173
2511,187811.4226323683
2512,212565.65525366235
2513,205452.85473429205
2514,217838.7731063607
2515,151101.2383391355
2516,149348.05369091287
2517,134604.5954015406
2518,144448.2744000961
2519,228764.88430487225
2520,205990.1934799226
2521,196123.282321141
2522,231129.9390616382
2523,130311.81446902578
2524,136121.62398119198
2525,145082.90321438553
2526,141608.06053602308
2527,119248.10257959271
2528,127705.48355820181
2529,132713.80308308822
2530,114592.9721842301
2531,220430.767139281
2532,226715.71015923764
2533,194582.36462838983
2534,233357.40092631205
2535,358891.7370143523
2536,221819.32456478555
2537,229119.83864806406
2538,183955.46136907322
2539,194212.39175419486
2540,176295.23236115
2541,186475.12475798617
2542,142483.59788885154
2543,131255.17713078985
2544,133406.95508143376
2545,124644.40820418274
2546,139869.54150481225
2547,140506.60303435454
2548,144554.2004474693
2549,158037.96520896655
2550,271746.25676140585
2551,141849.11522139204
2552,120028.19666672802
2553,78150.41212384783
2554,103990.3944658452
2555,117661.21641360299
2556,98613.64302935055
2557,114264.11886053676
2558,154517.44091580465
2559,129410.91561710429
2560,126514.28428235359
2561,155571.65018063318
2562,149748.76317824225
2563,157408.58746935046
2564,178703.26668148555
2565,128978.3153176316
2566,147558.40380956014
2567,124055.62413961334
2568,192536.60415781257
2569,193488.50278767326
2570,125973.11079296832
2571,154088.00410681372
2572,218340.74377537132
2573,245510.97752763485
2574,299378.4277590483
2575,137023.8120753721
2576,130816.20510658012
2577,137415.14243495293
2578,99490.82216158828
2579,101966.64712451887
2580,122729.41946212975
2581,134834.7077561162
2582,123244.6784052225
2583,261559.0673202132
2584,161992.39019338487
2585,173019.32907287843
2586,198046.3747136963
2587,197326.32365002274
2588,159031.82889867833
2589,141941.50675889116
2590,234682.47943380848
2591,217396.02136545372
2592,211248.9037830915
2593,260423.23728525755
2594,183951.93946290773
2595,214987.85500761284
2596,327154.438959861
2597,182355.92159656764
2598,268971.3833610865
2599,344618.9729423958
2600,161720.55937955723
2601,134833.95010601028
2602,87601.65250729593
2603,94561.8476965294
2604,88560.8990973654
2605,94076.24984360416
2606,142548.5025339951
2607,175791.12609821223
2608,193909.039382224
2609,167967.72853543377
2610,113295.05482065935
2611,127094.95019859452
2612,155519.71403630698
2613,128073.6020782361
2614,125473.25742188994
2615,155730.2078532613
2616,139955.52613948623
2617,166292.48634683687
2618,192483.06042356265
2619,236832.81681368675
2620,187170.52813551645
2621,180884.32969890957
2622,180743.72787715483
2623,241806.0259010433
2624,295971.9140397652
2625,336606.96337968815
2626,169324.8530101514
2627,214465.56132714136
2628,381394.8144059966
2629,555168.8381048769
2630,338265.55579211406
2631,423283.5330235152
2632,371875.6549705115
2633,331036.2795305556
2634,382187.53311897855
2635,151323.30738932648
2636,190063.662374494
2637,178654.57031299532
2638,259846.12325752116
2639,185666.58029179
2640,151279.9765827549
2641,109157.97648669011
2642,185048.89384998832
2643,105216.92757862537
2644,124214.73591830232
2645,95732.94889654056
2646,90920.47618363601
2647,92439.93154750345
2648,142052.36385445914
2649,152405.39962398543
2650,147091.33526583939
2651,148819.68272472196
2652,416105.62404546427
2653,249863.1538645489
2654,244406.11122715156
2655,307107.10325846105
2656,313339.623967315
2657,330715.20627116406
2658,272453.6574994409
2659,301124.65199498314
2660,341628.1332043653
2661,287727.21853439015
2662,278295.5500117433
2663,267693.78917772276
2664,272342.92790866276
2665,317392.18111521145
2666,274521.3928964761
2667,166810.59231847664
2668,182828.39406846697
2669,174899.38418649393
2670,298602.23956157395
2671,184606.26335638063
2672,184964.86151783902
2673,197196.6073706184
2674,194431.4196560823
2675,187763.30764129685
2676,187157.69627716558
2677,200483.35885276095
2678,261863.67624792797
2679,277201.46258161933
2680,282839.13971940475
2681,404999.32778598723
2682,338918.59344217484
2683,471320.89003576786
2684,302059.1242612686
2685,354649.2308621208
2686,261200.50640148568
2687,325846.4172865216
2688,227494.23041415607
2689,211079.1547300034
2690,390362.79606459645
2691,190456.58340056907
2692,118352.662193543
2693,187867.5312980168
2694,119581.54755242904
2695,192457.67839933562
2696,186972.07628792347
2697,196810.71366257852
2698,199349.58388295365
2699,176325.37594367203
2700,170772.6601025446
2701,143840.94754594282
2702,121190.27757803355
2703,159476.11992220825
2704,132879.33583955985
2705,134059.98021554927
2706,119505.2015748555
2707,125363.7711155655
2708,145350.63470833914
2709,91201.81111333259
2710,124241.20930074393
2711,257563.40689323322
2712,363717.70689210994
2713,170893.072483629
2714,150580.60511152606
2715,167936.81714578407
2716,168478.3446743536
2717,186896.16102048024
2718,227290.16603982006
2719,162139.82942212702
2720,169952.47561535516
2721,143663.99175594296
2722,169295.4142718404
2723,142492.90987150875
2724,127565.81680706114
2725,135199.86260051615
2726,149115.734792951
2727,181440.09337927657
2728,169144.4830100067
2729,163706.22214639833
2730,145122.7297680726
2731,121089.08907635721
2732,119588.81125933626
2733,160020.37447073212
2734,153089.64657957858
2735,146897.0782500475
2736,144679.80010075276
2737,123818.11365218899
2738,134815.00462198767
2739,166789.25439011792
2740,149043.93135256894
2741,144884.8228464398
2742,154862.60183023938
2743,154479.59314976996
2744,146854.0816613755
2745,135975.73613045123
2746,131970.85349972863
2747,162512.21256646936
2748,126118.99030022742
2749,132110.8897082636
2750,134840.3533572514
2751,130820.10051452559
2752,213897.899843051
2753,136866.62344172003
2754,176541.12442155098
2755,117237.27178616049
2756,109215.66341918656
2757,78029.23416045978
2758,92796.20243842562
2759,171326.37223886198
2760,119939.99287967996
2761,147981.11377052587
2762,147815.2173847482
2763,192813.09081872794
2764,172117.10899526978
2765,309588.5969387283
2766,134548.13259215964
2767,90347.79635972128
2768,129235.0507871253
2769,113145.94502349563
2770,138026.9368138602
2771,117483.99422671444
2772,126803.8886194569
2773,140483.7076220454
2774,129880.84566376242
2775,128276.78662355036
2776,147649.42865124712
2777,151684.0365326193
2778,147272.8255129044
2779,112778.661355209
2780,106827.45119507657
2781,105052.09502963827
2782,100382.31026474293
2783,98206.4656176286
2784,130862.64527346792
2785,133766.15411011723
2786,93232.73928057945
2787,131161.39397823365
2788,97719.7015977947
2789,225259.6451045795
2790,97404.20149579505
2791,124235.85629485892
2792,67843.412758692
2793,197377.34412353052
2794,104565.73623586487
2795,109417.13093688588
2796,111757.37875373494
2797,208621.1066860295
2798,121920.29732564568
2799,113779.36473260696
2800,71880.18770533254
2801,113978.99623915875
2802,139732.80387320404
2803,180074.73674342714
2804,144671.19143226094
2805,97699.63043995429
2806,99235.40508223965
2807,145403.83275903357
2808,154904.1434542037
2809,140198.1870700617
2810,136381.6538903074
2811,161738.3866757926
2812,143193.45206605757
2813,149890.59338317625
2814,168644.65267446858
2815,99090.49624798754
2816,252214.2040122789
2817,143924.54834098343
2818,137655.89078871335
2819,176890.0527011243
2820,119280.90612618493
2821,95292.30171143891
2822,191881.69724366048
2823,248956.34602186517
2824,177831.14811757611
2825,150573.16615785364
2826,132630.14465060402
2827,143227.53991250566
2828,206578.3205693145
2829,186116.04377111784
2830,238399.60744734306
2831,189669.91630389952
2832,228001.67297159907
2833,280901.21067929856
2834,233921.7870406456
2835,214797.7591162213
2836,190542.78832289786
2837,178176.05437280823
2838,149122.98062839868
2839,180103.29030700834
2840,191682.4984228993
2841,199919.32043440707
2842,226351.73955280698
2843,153360.1580234201
2844,153078.89439328513
2845,123907.89658272926
2846,200859.7656433008
2847,202761.3247016346
2848,223049.9793324352
2849,202177.4108232687
2850,285516.8808144148
2851,222720.96653193072
2852,240267.5160817504
2853,224415.61840963925
2854,141789.2444197901
2855,201022.85272456935
2856,213384.62731091815
2857,190245.68756518254
2858,199054.57371014392
2859,124465.5977362258
2860,125575.68520579753
2861,115624.38122838874
2862,190579.5787226782
2863,127586.53649879289
2864,260427.69089129075
2865,141380.34910900987
2866,139294.82492881414
2867,103184.84410619375
2868,107362.8304970648
2869,101766.36294866598
2870,146912.0938096481
2871,92485.53246055225
2872,53549.97714207526
2873,98936.9570356449
2874,132072.2199974316
2875,108670.69788295224
2876,160332.6283955345
2877,148939.71717299943
2878,164646.42579973143
2879,151637.4761951389
2880,99316.25012537693
2881,163061.9016281202
2882,157811.79138016453
2883,166341.12397966688
2884,183919.76927441836
2885,207148.22709825958
2886,188569.68655978935
2887,110203.68868379861
2888,136639.78805285276
2889,53273.03918440091
2890,98055.16453199595
2891,149296.38935643254
2892,54332.09860945811
2893,104397.72445624684
2894,70454.94510020495
2895,307831.1791989911
2896,283439.58932376775
2897,195230.35768724408
2898,163239.95942089116
2899,231493.20570539904
2900,155545.57818607998
2901,199573.66694211788
2902,182763.03805313003
2903,339561.4470743507
2904,357059.3045003048
2905,106730.20957235426
2906,203506.7318855136
2907,117354.51098241885
2908,128916.48629605638
2909,135761.09017831367
2910,87870.58723171183
2911,87536.98584062926
2912,146435.95528608115
2913,88402.79742131704
2914,89367.14431905145
2915,91731.48014292453
2916,86505.83836966728
2917,165035.02700786677
2918,119284.39196769235
2919,227747.30435348712
